[
  {
    "id": 1,
    "image": "/assets/img/icon-img/manufacturing.png",
    "title": "Fabrication de services complets"
  },
  {
    "id": 2,
    "image": "/assets/img/icon-img/box.png",
    "title": "Emballage et étiquetage"
  },
  {
    "id": 3,
    "image": "/assets/img/icon-img/label.png",
    "title": "Étiquetage privé"
  },
  {
    "id": 4,
    "image": "/assets/img/icon-img/medicine.png",
    "title": "Capacités de lots grands et petits"
  },
  {
    "id": 5,
    "image": "/assets/img/icon-img/assurance.png",
    "title": "Contrôle de qualité et tests"
  },
  {
    "id": 6,
    "image": "/assets/img/icon-img/passed.png",
    "title": "Assistance pour l'enregistrement auprès de la DMP"
  }
]
